{"cameraMode":{"drawMode":0,"name":"Shaded","section":"Shading Mode"},"sceneLighting":true,"audioPlay":false,"sceneViewState":{"showFog":true,"showMaterialUpdate":false,"showSkybox":true,"showFlares":true,"showImageEffects":true,"showParticleSystems":true},"in2DMode":false,"pivot":{"x":14.145974159240723,"y":6.612822532653809,"z":-12.597881317138672},"rotation":{"x":-0.036772556602954867,"y":0.858529269695282,"z":-0.06218862533569336,"w":-0.5076689720153809},"size":3.879366636276245,"orthographic":false}