{"cameraMode":{"drawMode":0,"name":"Shaded","section":"Shading Mode"},"sceneLighting":false,"audioPlay":false,"sceneViewState":{"showFog":true,"showMaterialUpdate":false,"showSkybox":true,"showFlares":true,"showImageEffects":true,"showParticleSystems":true},"in2DMode":false,"pivot":{"x":40.84709548950195,"y":65.3812026977539,"z":-4.538577079772949},"rotation":{"x":-0.08406663686037064,"y":0.8737372756004334,"z":-0.16307231783866883,"w":-0.4505770206451416},"size":44.55302810668945,"orthographic":true}