{"cameraMode":{"drawMode":0,"name":"Shaded","section":"Shading Mode"},"sceneLighting":false,"audioPlay":false,"sceneViewState":{"showFog":true,"showMaterialUpdate":false,"showSkybox":false,"showFlares":true,"showImageEffects":true,"showParticleSystems":true},"in2DMode":false,"pivot":{"x":26.718950271606447,"y":-4.742059707641602,"z":-14.836009979248047},"rotation":{"x":0.40185728669166567,"y":-0.33977749943733218,"z":0.16363242268562318,"w":0.8344423174858093},"size":16.14206886291504,"orthographic":false}