{"cameraMode":{"drawMode":0,"name":"Shaded","section":"Shading Mode"},"sceneLighting":false,"audioPlay":false,"sceneViewState":{"showFog":true,"showMaterialUpdate":false,"showSkybox":false,"showFlares":true,"showImageEffects":true,"showParticleSystems":true},"in2DMode":false,"pivot":{"x":1.645009160041809,"y":-0.7253718376159668,"z":0.9386143684387207},"rotation":{"x":-0.46859481930732729,"y":-0.01802152767777443,"z":0.009562008082866669,"w":-0.8831775784492493},"size":1.0613794326782227,"orthographic":false}