{"cameraMode":{"drawMode":0,"name":"Shaded","section":"Shading Mode"},"sceneLighting":false,"audioPlay":false,"sceneViewState":{"showFog":true,"showMaterialUpdate":false,"showSkybox":false,"showFlares":true,"showImageEffects":true,"showParticleSystems":true},"in2DMode":false,"pivot":{"x":12.00000286102295,"y":2.875354528427124,"z":-12.000001907348633},"rotation":{"x":0.11013133078813553,"y":0.6846433281898499,"z":-0.10579098761081696,"w":0.7127147316932678},"size":17.034440994262697,"orthographic":false}