{"cameraMode":{"drawMode":0,"name":"Shaded","section":"Shading Mode"},"sceneLighting":false,"audioPlay":false,"sceneViewState":{"showFog":true,"showMaterialUpdate":false,"showSkybox":false,"showFlares":true,"showImageEffects":true,"showParticleSystems":true},"in2DMode":false,"pivot":{"x":-7.936790466308594,"y":30.034555435180665,"z":64.09449005126953},"rotation":{"x":-0.17820443212985993,"y":-0.147850900888443,"z":-0.027038294821977617,"w":0.9725220799446106},"size":72.5573959350586,"orthographic":false}