{"cameraMode":{"drawMode":0,"name":"Shaded","section":"Shading Mode"},"sceneLighting":false,"audioPlay":false,"sceneViewState":{"showFog":true,"showMaterialUpdate":false,"showSkybox":false,"showFlares":true,"showImageEffects":true,"showParticleSystems":true},"in2DMode":false,"pivot":{"x":-0.03081703558564186,"y":0.0687248706817627,"z":0.1776527464389801},"rotation":{"x":-0.3058253824710846,"y":-0.005143644288182259,"z":0.0016524108359590173,"w":-0.9520723223686218},"size":1.006201982498169,"orthographic":false}