{"cameraMode":{"drawMode":0,"name":"Shaded","section":"Shading Mode"},"sceneLighting":false,"audioPlay":false,"sceneViewState":{"showFog":true,"showMaterialUpdate":false,"showSkybox":true,"showFlares":true,"showImageEffects":true,"showParticleSystems":true},"in2DMode":false,"pivot":{"x":9.964902877807618,"y":76.92947387695313,"z":-0.49385881423950198},"rotation":{"x":-0.2275334894657135,"y":-0.28349101543426516,"z":0.06991211324930191,"w":-0.9292038679122925},"size":2.828033685684204,"orthographic":false}