{"cameraMode":{"drawMode":0,"name":"Shaded","section":"Shading Mode"},"sceneLighting":false,"audioPlay":false,"sceneViewState":{"showFog":true,"showMaterialUpdate":false,"showSkybox":false,"showFlares":true,"showImageEffects":true,"showParticleSystems":true},"in2DMode":false,"pivot":{"x":0.10107421875,"y":-0.0955810546875,"z":-0.30181884765625},"rotation":{"x":-0.05632195621728897,"y":-0.6772363185882568,"z":0.0521157942712307,"w":-0.7317626476287842},"size":1.5841660499572755,"orthographic":true}