{"cameraMode":{"drawMode":0,"name":"Shaded","section":"Shading Mode"},"sceneLighting":false,"audioPlay":false,"sceneViewState":{"showFog":true,"showMaterialUpdate":false,"showSkybox":true,"showFlares":true,"showImageEffects":true,"showParticleSystems":true},"in2DMode":false,"pivot":{"x":2.30224609375,"y":76.75885009765625,"z":-1.38623046875},"rotation":{"x":-0.12771566212177277,"y":-0.8347074389457703,"z":0.21786853671073914,"w":-0.4896017611026764},"size":2.7860260009765627,"orthographic":true}