{"cameraMode":{"drawMode":0,"name":"Shaded","section":"Shading Mode"},"sceneLighting":false,"audioPlay":false,"sceneViewState":{"showFog":true,"showMaterialUpdate":false,"showSkybox":false,"showFlares":true,"showImageEffects":true,"showParticleSystems":true},"in2DMode":false,"pivot":{"x":18.69049835205078,"y":21.759586334228517,"z":-29.581157684326173},"rotation":{"x":0.11013133078813553,"y":0.6846433281898499,"z":-0.10579098761081696,"w":0.7127147316932678},"size":40.99900817871094,"orthographic":false}