{"cameraMode":{"drawMode":0,"name":"Shaded","section":"Shading Mode"},"sceneLighting":false,"audioPlay":false,"sceneViewState":{"showFog":true,"showMaterialUpdate":false,"showSkybox":false,"showFlares":true,"showImageEffects":true,"showParticleSystems":true},"in2DMode":false,"pivot":{"x":12.591060638427735,"y":-6.237179279327393,"z":-5.2130126953125},"rotation":{"x":-0.00004677232209360227,"y":-0.9820883870124817,"z":0.0002930101181846112,"w":0.1888103038072586},"size":72.5573959350586,"orthographic":false}