{"cameraMode":{"drawMode":0,"name":"Shaded","section":"Shading Mode"},"sceneLighting":false,"audioPlay":false,"sceneViewState":{"showFog":true,"showMaterialUpdate":false,"showSkybox":true,"showFlares":true,"showImageEffects":true,"showParticleSystems":true},"in2DMode":false,"pivot":{"x":-0.70781010389328,"y":12.015832901000977,"z":74.13091278076172},"rotation":{"x":0.1927458643913269,"y":0.7462358474731445,"z":0.5886000394821167,"w":-0.24456101655960084},"size":0.422323077917099,"orthographic":false}