{"cameraMode":{"drawMode":0,"name":"Shaded","section":"Shading Mode"},"sceneLighting":false,"audioPlay":false,"sceneViewState":{"showFog":true,"showMaterialUpdate":false,"showSkybox":false,"showFlares":true,"showImageEffects":true,"showParticleSystems":true},"in2DMode":false,"pivot":{"x":0.4700571894645691,"y":-0.2328449785709381,"z":-0.5316470861434937},"rotation":{"x":-0.03897830843925476,"y":0.024580813944339753,"z":0.000959117547608912,"w":0.9989373683929443},"size":23.230558395385743,"orthographic":true}