{"cameraMode":{"drawMode":0,"name":"Shaded","section":"Shading Mode"},"sceneLighting":false,"audioPlay":false,"sceneViewState":{"showFog":true,"showMaterialUpdate":false,"showSkybox":false,"showFlares":true,"showImageEffects":true,"showParticleSystems":true},"in2DMode":false,"pivot":{"x":-0.77880859375,"y":0.17462158203125,"z":-0.5961761474609375},"rotation":{"x":0.024662574753165246,"y":0.6639800667762756,"z":-0.021917419508099557,"w":0.7470384836196899},"size":1.2981984615325928,"orthographic":true}