{"cameraMode":{"drawMode":0,"name":"Shaded","section":"Shading Mode"},"sceneLighting":true,"audioPlay":false,"sceneViewState":{"showFog":false,"showMaterialUpdate":false,"showSkybox":false,"showFlares":false,"showImageEffects":false,"showParticleSystems":false},"in2DMode":false,"pivot":{"x":1.143422245979309,"y":3.437408924102783,"z":3.8408162593841554},"rotation":{"x":-0.12563396990299226,"y":0.15292775630950929,"z":-0.019604675471782686,"w":-0.9800266027450562},"size":3.1861228942871095,"orthographic":false}