{"cameraMode":{"drawMode":0,"name":"Shaded","section":"Shading Mode"},"sceneLighting":false,"audioPlay":false,"sceneViewState":{"showFog":false,"showMaterialUpdate":false,"showSkybox":false,"showFlares":false,"showImageEffects":false,"showParticleSystems":false},"in2DMode":false,"pivot":{"x":7.450580596923828e-9,"y":7.450580596923828e-9,"z":0.0},"rotation":{"x":-0.035197701305150989,"y":0.8803218007087708,"z":0.46842312812805178,"w":0.06614827364683151},"size":0.4062020182609558,"orthographic":false}